{"schemaVersion":"1.0","appDefinitionTemplate":{"id":"/providers/Microsoft.PowerApps/apps/","type":"Microsoft.PowerApps/apps","tags":{"primaryDeviceWidth":"640","primaryDeviceHeight":"1136","supportsPortrait":"true","supportsLandscape":"true","primaryFormFactor":"Phone","showStatusBar":"false","publisherVersion":"3.25024.7","minimumRequiredApiVersion":"2.2.0","hasComponent":"false","hasUnlockedComponent":"false","isUnifiedRootApp":"false","sienaVersion":"20250308T041608Z-3.25024.7.0"},"properties":{"appVersion":"2025-03-08T04:16:08Z","lifeCycleId":"Published","createdByClientVersion":{"major":3,"minor":25024,"build":7,"revision":0,"majorRevision":0,"minorRevision":0},"minClientVersion":{"major":3,"minor":25024,"build":7,"revision":0,"majorRevision":0,"minorRevision":0},"backgroundColor":"RGBA(0,176,240,1)","backgroundImageUri":"/1814605835615853731/Nc7ce68d1-a2ce-46ea-88fc-65db211ba5bd-logoSmallFile","displayName":"Pepito el lorito","description":"","aiGeneratedDescription":"Engage with Pepito el lorito to interact with dynamic components for an immersive experience. This app empowers users with engaging features, enhancing user interaction and providing a captivating experience.","commitMessage":"","appUris":{"documentUri":{"value":"/1814605835615853731/N9d12b616-45f1-4e69-943e-adc6b27927b1-document.msapp"},"imageUris":[],"additionalUris":[{"isSolutionAware":false,"value":"/1814605835615853731/Nf840b282-9346-48f9-b32a-d358faa3343d-identity.json"}]},"createdTime":"0001-01-01T00:00:00Z","lastModifiedTime":"0001-01-01T00:00:00Z","sharedGroupsCount":0,"sharedUsersCount":0,"connectionReferences":{},"databaseReferences":{},"almMode":"Environment","performanceOptimizationEnabled":true,"canConsumeAppPass":false,"enableModernRuntimeMode":false,"executionRestrictions":{"isTeamsOnly":false,"dataLossPreventionEvaluationResult":{"status":"Compliant","lastEvaluationDate":"2025-03-08T04:24:41.1992881Z","violations":[],"violationsByPolicy":[],"violationErrorMessage":"The app uses the following connectors: ."}}},"isAppComponentLibrary":false,"appType":"ClassicCanvasApp","appComponents":[]}}