{"schemaVersion":"1.0","appDefinitionTemplate":{"id":"/providers/Microsoft.PowerApps/apps/","type":"Microsoft.PowerApps/apps","tags":{"primaryDeviceWidth":"640","primaryDeviceHeight":"1136","supportsPortrait":"true","supportsLandscape":"true","primaryFormFactor":"Phone","showStatusBar":"false","publisherVersion":"3.25024.7","minimumRequiredApiVersion":"2.2.0","hasComponent":"false","hasUnlockedComponent":"false","isUnifiedRootApp":"false","sienaVersion":"20250308T025719Z-3.25024.7.0"},"properties":{"appVersion":"2025-03-08T02:57:19Z","lifeCycleId":"Published","createdByClientVersion":{"major":3,"minor":25024,"build":7,"revision":0,"majorRevision":0,"minorRevision":0},"minClientVersion":{"major":3,"minor":25024,"build":7,"revision":0,"majorRevision":0,"minorRevision":0},"backgroundColor":"RGBA(0,176,240,1)","backgroundImageUri":"/1814605835615853731/Nfa11884c-6606-4c0b-8ac2-1c3950e98fb3-logoSmallFile","displayName":"Pepito el lorito","description":"","aiGeneratedDescription":"Discover the engaging features of Pepito el lorito. This app empowers users to interact with dynamic components, enhancing user engagement and functionality.","commitMessage":"","appUris":{"documentUri":{"value":"/1814605835615853731/N03dc2ef3-adbb-489a-8d84-1f6892e73133-document.msapp"},"imageUris":[],"additionalUris":[{"isSolutionAware":false,"value":"/1814605835615853731/Na14e21ea-b6b7-46ad-9a6c-6fd92f1fdd43-identity.json"}]},"createdTime":"0001-01-01T00:00:00Z","lastModifiedTime":"0001-01-01T00:00:00Z","sharedGroupsCount":0,"sharedUsersCount":0,"connectionReferences":{},"databaseReferences":{},"almMode":"Environment","performanceOptimizationEnabled":true,"canConsumeAppPass":false,"enableModernRuntimeMode":false},"isAppComponentLibrary":false,"appType":"ClassicCanvasApp","appComponents":[]}}